common_name,species,patch,breeding_colours_cs,multiple_forms_cs,multiple_forms_museum,patterned,colourblocked,iridescent,colours_cs
Albert's Lyrebird,Menura alberti,upper_breast,,,,,,,brown
Apostlebird,Struthidea cinerea,upper_breast,,,,Y,,,grey
Arafura Fantail,Rhipidura dryas,upper_breast,,,,Y,,,"cream, black"
Ashy-bellied White-eye,Zosterops citrinella,upper_breast,,,,,,,cream
Asian Koel,Eudynamys scolopaceus,upper_breast,,,,,,,black
Atherton Scrubwren,Sericornis keri,upper_breast,,,,,,,brown
Australasian Bittern,Botaurus poiciloptilus,upper_breast,,,,Y,,,"cream, brown"
Australasian Bushlark,Mirafra javanica,upper_breast,,,,Y,,,"cream, brown"
Australasian Darter,Anhinga novaehollandiae,upper_breast,,,,,,,black
Australasian Figbird,Sphecotheres vieilloti,upper_breast,,Y,N,,,,"grey, yellow"
Australasian Grass-Owl,Tyto longimembris,upper_breast,,,,Y,,,"white, black"
Australasian Grebe,Tachybaptus novaehollandiae,upper_breast,Y,,,,,,cream
Australasian Pipit,Anthus novaeseelandiae,upper_breast,,,,Y,,,"cream, brown"
Australasian Swamphen,Porphyrio melanotus,upper_breast,,,,,,,blue
Australian Brushturkey,Alectura lathami,upper_breast,,Y,,Y,,,"black, white"
Australian Bustard,Ardeotis australis,upper_breast,,,,,,,cream
Australian Crake,Porzana fluminea,upper_breast,,,,,,,grey
Australian Fairy Tern,Sternula nereis,upper_breast,Y,,,,,,white
Australian Hobby,Falco longipennis,upper_breast,,Y,,Y,,,"cream, brown"
Australian Ibis,Threskiornis molucca,upper_breast,Y,,,,,,white
Australian Kestrel,Falco cenchroides,upper_breast,,,,Y,,,"cream, brown"
Australian King-Parrot,Alisterus scapularis,upper_breast,,,,,,,red
Australian Logrunner,Orthonyx temminckii,upper_breast,,,,,,,white
Australian Magpie,Gymnorhina tibicen,upper_breast,,Y,,,,,black
Australian Masked-Owl,Tyto novaehollandiae,upper_breast,,Y,,,Y,,"white, brown, black"
Australian Owlet-nightjar,Aegotheles cristatus,upper_breast,,Y,,Y,,,"cream, brown, grey"
Australian Painted-Snipe,Rostratula australis,upper_breast,,,,Y,,,brown
Australian Pelican,Pelecanus conspicillatus,upper_breast,Y,,,,,,white
Australian Pratincole,Stiltia isabella,upper_breast,Y,,,,,,cream
Australian Raven,Corvus coronoides,upper_breast,,,,,,,black
Australian Reed Warbler,Acrocephalus australis,upper_breast,,,,,,,cream
Australian Ringneck,Barnardius zonarius,upper_breast,,Y,,,,,green
Australian Shelduck,Tadorna tadornoides,upper_breast,,,,,,,orange
Australian Shoveler,Spatula rhynchotis,upper_breast,Y,,,Y,,,"brown, black"
Australian Swiftlet,Aerodramus terraereginae,upper_breast,,,,,,,cream
Australian Yellow White-eye,Zosterops luteus,upper_breast,,,,,,,yellow
Azure Kingfisher,Ceyx azureus,upper_breast,,,,,,,orange
Baillon's Crake,Zapornia pusilla,upper_breast,,,,,,,grey
Banded Honeyeater,Cissomela pectoralis,upper_breast,,,,,,,white
Banded Lapwing,Vanellus tricolor,upper_breast,,,,,,,black
Banded Stilt,Cladorhynchus leucocephalus,upper_breast,Y,,,,,,brown
Banded Whiteface,Aphelocephala nigricincta,upper_breast,,,,,,,white
Bar-breasted Honeyeater,Ramsayornis fasciatus,upper_breast,,,,Y,,,"cream, brown"
Barking Owl,Ninox connivens,upper_breast,,,,Y,,,"cream, brown"
Barn Owl,Tyto alba,upper_breast,,,,Y,,,"white, brown"
Barred Cuckooshrike,Coracina lineata,upper_breast,,,,,,,grey
Bar-shouldered Dove,Geopelia humeralis,upper_breast,Y,,,,,,grey
Bassian Thrush,Zoothera lunulata,upper_breast,,,,Y,,,"cream, brown"
Baudin's Black-Cockatoo,Calyptorhynchus baudinii,upper_breast,,,,Y,,,"black, grey"
Beach Thick-knee,Esacus magnirostris,upper_breast,,,,,,,"cream, brown"
Beautiful Firetail,Stagonopleura bella,upper_breast,,,,Y,,,"grey, black"
Bell Miner,Manorina melanophrys,upper_breast,,,,,,,green
Black Bittern,Ixobrychus flavicollis,upper_breast,,,,Y,,,"black, cream"
Black Butcherbird,Cracticus quoyi,upper_breast,,,,,,,black
Black Currawong,Strepera fuliginosa,upper_breast,,,,,,,black
Black Falcon,Falco subniger,upper_breast,,Y,,,,,"brown, black"
Black Grasswren,Amytornis housei,upper_breast,,,,Y,,,"black, white"
Black Honeyeater,Sugomel nigrum,upper_breast,,,,,,,black
Black Kite,Milvus migrans,upper_breast,,,,,,,brown
Black Swan,Cygnus atratus,upper_breast,,,,,,,black
Black-backed Bittern,Ixobrychus dubius,upper_breast,,,,Y,,,"cream, brown"
Black-backed Butcherbird,Cracticus mentalis,upper_breast,,,,,,,white
Black-banded Fruit-Dove,Ptilinopus alligator,upper_breast,,,,,,,white
Black-breasted Buttonquail,Turnix melanogaster,upper_breast,,,,Y,,,"cream, black"
Black-breasted Kite,Hamirostra melanosternon,upper_breast,,,,,,,black
Black-chinned Honeyeater,Melithreptus gularis,upper_breast,,Y,,,,,"cream, grey"
Black-eared Catbird,Ailuroedus melanotis,upper_breast,,,,Y,,,"brown, yellow"
Black-eared Cuckoo,Chrysococcyx osculans,upper_breast,,,,,,,cream
Black-eared Miner,Manorina melanotis,upper_breast,,,,Y,,,grey
Black-faced Cormorant,Phalacrocorax fuscescens,upper_breast,Y,,,,,,white
Black-faced Cuckooshrike,Coracina novaehollandiae,upper_breast,,Y,,,,,"grey, black"
Black-faced Monarch,Monarcha melanopsis,upper_breast,,,,,,,grey
Black-faced Woodswallow,Artamus cinereus,upper_breast,,Y,,,,,grey
Black-fronted Dotterel,Elseyornis melanops,upper_breast,,,,,,,black
Black-headed Honeyeater,Melithreptus affinis,upper_breast,,,,,,,grey
Black-naped Tern,Sterna sumatrana,upper_breast,Y,,,,,,white
Black-necked Stork,Ephippiorhynchus asiaticus,upper_breast,,,,,,,white
Black-shouldered Kite,Elanus axillaris,upper_breast,,,,,,,white
Black-tailed Nativehen,Tribonyx ventralis,upper_breast,,,,,,,grey
Black-tailed Treecreeper,Climacteris melanurus,upper_breast,,,,Y,,,"brown, black, white"
Black-tailed Whistler,Pachycephala melanura,upper_breast,,,,,,,yellow
Black-throated Finch,Poephila cincta,upper_breast,,Y,,,,,peach
Black-winged Monarch,Monarcha frater,upper_breast,,,,,,,grey
Blue-billed Duck,Oxyura australis,upper_breast,Y,,,,,,brown
Blue-breasted Fairywren,Malurus pulcherrimus,upper_breast,Y,,,,,Y,blue
Blue-breasted Quail,Synoicus chinensis,upper_breast,,,,Y,,,grey
Blue-faced Honeyeater,Entomyzon cyanotis,upper_breast,,,,,,,black
Blue-faced Parrotfinch,Erythrura trichroa,upper_breast,,,,,,,green
Blue-winged Kookaburra,Dacelo leachii,upper_breast,,N,,Y,,,"cream, brown"
Blue-winged Parrot,Neophema chrysostoma,upper_breast,,,,,,,green
Bourke's Parrot,Neophema bourkii,upper_breast,,,,,,,brown
Bower's Shrikethrush,Colluricincla boweri,upper_breast,,,,Y,,,"orange, grey"
Brahminy Kite,Haliastur indus,upper_breast,,,,,,,white
Bridled Honeyeater,Bolemoreus frenatus,upper_breast,,,,Y,,,brown
Broad-billed Flycatcher,Myiagra ruficollis,upper_breast,,,,,,,orange
Brolga,Antigone rubicunda,upper_breast,,,,,,,grey
Brown Cuckoo-Dove,Macropygia phasianella,upper_breast,,,,,,,brown
Brown Falcon,Falco berigora,upper_breast,,Y,Y,Y,,,"brown, cream"
Brown Gerygone,Gerygone mouki,upper_breast,,Y,,,,,"cream, brown"
Brown Goshawk,Accipiter fasciatus,upper_breast,,Y,,Y,,,"cream, brown"
Brown Honeyeater,Lichmera indistincta,upper_breast,,,,Y,,,"brown, grey"
Brown Quail,Synoicus ypsilophorus,upper_breast,,N,,Y,,,"brown, cream, black"
Brown Songlark,Cincloramphus cruralis,upper_breast,Y,,,,,,brown
Brown Thornbill,Acanthiza pusilla,upper_breast,,Y,,Y,,,"cream, black"
Brown Treecreeper,Climacteris picumnus,upper_breast,,Y,,,,,grey
Brown-backed Honeyeater,Ramsayornis modestus,upper_breast,,,,Y,,,"cream, brown"
Brown-headed Honeyeater,Melithreptus brevirostris,upper_breast,,Y,,,,,cream
Brush Bronzewing,Phaps elegans,upper_breast,,,,,,,grey
Brush Cuckoo,Cacomantis variolosus,upper_breast,,,,,,,grey
Budgerigar,Melopsittacus undulatus,upper_breast,,,,,,,green
Buff-banded Rail,Gallirallus philippensis,upper_breast,,,,,,,orange
Buff-breasted Paradise-Kingfisher,Tanysiptera sylvia,upper_breast,,,,,,,orange
Buff-rumped Thornbill,Acanthiza reguloides,upper_breast,,Y,,Y,,,"cream, brown, yellow"
Buff-sided Robin,Poecilodryas cerviniventris,upper_breast,,,,,,,grey
Bush Thick-knee,Burhinus grallarius,upper_breast,,,,Y,,,"white, brown"
Cape Barren Goose,Cereopsis novaehollandiae,upper_breast,,,,,,,grey
Carnaby's Black-Cockatoo,Calyptorhynchus latirostris,upper_breast,,,,Y,,,"black, grey"
Carpentarian Grasswren,Amytornis dorotheae,upper_breast,,,,,,,white
Caspian Tern,Hydroprogne caspia,upper_breast,Y,,,,,,white
Cattle Egret,Bubulcus ibis,upper_breast,Y,,,,,,orange
Channel-billed Cuckoo,Scythrops novaehollandiae,upper_breast,,,,,,,grey
Chestnut Quail-thrush,Cinclosoma castanotum,upper_breast,,,,,,,black
Chestnut Rail,Gallirallus castaneoventris,upper_breast,,,,,,,pink
Chestnut Teal,Anas castanea,upper_breast,,,,,,,brown
Chestnut-backed Buttonquail,Turnix castanotus,upper_breast,,,,Y,,,grey
Chestnut-breasted Cuckoo,Cacomantis castaneiventris,upper_breast,,,,,,,brown
Chestnut-breasted Munia,Lonchura castaneothorax,upper_breast,,,,,,,orange
Chestnut-breasted Quail-thrush,Cinclosoma castaneothorax,upper_breast,,N,,,,,brown
Chestnut-breasted Whiteface,Aphelocephala pectoralis,upper_breast,,,,,,,orange
Chestnut-crowned Babbler,Pomatostomus ruficeps,upper_breast,,,,,,,white
Chestnut-quilled Rock-Pigeon,Petrophassa rufipennis,upper_breast,,,,Y,,,"brown, grey"
Chestnut-rumped Heathwren,Hylacola pyrrhopygia,upper_breast,,,,Y,,,"cream, brown"
Chestnut-rumped Thornbill,Acanthiza uropygialis,upper_breast,,,,,,,cream
Chiming Wedgebill,Psophodes occidentalis,upper_breast,,,,,,,grey
Chirruping Wedgebill,Psophodes cristatus,upper_breast,,,,,,,cream
Chowchilla,Orthonyx spaldingii,upper_breast,,,,,,,white
Cinnamon Quail-thrush,Cinclosoma cinnamomeum,upper_breast,,N,,,,,white
Cockatiel,Nymphicus hollandicus,upper_breast,,,,,,,grey
Collared Sparrowhawk,Accipiter cirrocephalus,upper_breast,,,,Y,,,"brown, grey"
Comb-crested Jacana,Irediparra gallinacea,upper_breast,,,,,,,black
Common Bronzewing,Phaps chalcoptera,upper_breast,,,,,,,pink
Common Cicadabird,Edolisoma tenuirostre,upper_breast,,,,,,,grey
Cotton Pygmy-Goose,Nettapus coromandelianus,upper_breast,,,,Y,,,
Crescent Honeyeater,Phylidonyris pyrrhopterus,upper_breast,,,,,Y,,black
Crested Bellbird,Oreoica gutturalis,upper_breast,,,,,,,black
Crested Pigeon,Ocyphaps lophotes,upper_breast,,,,,,,grey
Crested Shrike-tit,Falcunculus frontatus,upper_breast,,Y,,,,,yellow
Crimson Chat,Epthianura tricolor,upper_breast,,,,,,,red
Crimson Finch,Neochmia phaeton,upper_breast,,Y,,,,,red
Crimson Rosella,Platycercus elegans,upper_breast,,Y,,,,,red
Diamond Dove,Geopelia cuneata,upper_breast,,,,,,,grey
Diamond Firetail,Stagonopleura guttata,upper_breast,,,,,,,black
Dollarbird,Eurystomus orientalis,upper_breast,,,,,,,green
Double-barred Finch,Taeniopygia bichenovii,upper_breast,,Y,,,,,cream
Double-eyed Fig-Parrot,Cyclopsitta diophthalma,upper_breast,,Y,,,,,green
Dusky Gerygone,Gerygone tenebrosa,upper_breast,,,,,,,cream
Dusky Grasswren,Amytornis purnelli,upper_breast,,,,Y,,,"cream, brown"
Dusky Moorhen,Gallinula tenebrosa,upper_breast,Y,,,,,,grey
Dusky Myzomela,Myzomela obscura,upper_breast,,,,,,,brown
Dusky Robin,Melanodryas vittata,upper_breast,,,,,,,cream
Dusky Woodswallow,Artamus cyanopterus,upper_breast,,,,,,,"grey, brown"
Eastern Bristlebird,Dasyornis brachypterus,upper_breast,,,,Y,,,"grey, brown"
Eastern Rosella,Platycercus eximius,upper_breast,,,,,,,red
Eastern Spinebill,Acanthorhynchus tenuirostris,upper_breast,,,,,,,black
Eastern Whipbird,Psophodes olivaceus,upper_breast,,,,,,,black
Eastern Yellow Robin,Eopsaltria australis,upper_breast,,Y,,,,,yellow
Eclectus Parrot,Eclectus roratus,upper_breast,,,,,,,green
Elegant Parrot,Neophema elegans,upper_breast,,,,,,,green
Emu,Dromaius novaehollandiae,upper_breast,,,,,,,brown
Eungella Honeyeater,Bolemoreus hindwoodi,upper_breast,,,,Y,,,"brown, cream"
Eurasian Coot,Fulica atra,upper_breast,,,,,,,grey
Eyrean Grasswren,Amytornis goyderi,upper_breast,,,,,,,cream
Fairy Gerygone,Gerygone palpebrosa,upper_breast,,,,,,,
Fairy Martin,Petrochelidon ariel,upper_breast,,,,Y,,,"cream, brown"
Fan-tailed Cuckoo,Cacomantis flabelliformis,upper_breast,,,,,,,brown
Fawn-breasted Bowerbird,Chlamydera cerviniventris,upper_breast,,,,Y,,,"brown, cream"
Fernwren,Oreoscopus gutturalis,upper_breast,,,,,,,black
Flame Robin,Petroica phoenicea,upper_breast,,,,,,,orange
Flock Bronzewing,Phaps histrionica,upper_breast,,,,,,,grey
Forest Kingfisher,Todiramphus macleayii,upper_breast,,,,,,,white
Forest Raven,Corvus tasmanicus,upper_breast,,,,,,,black
Forty-spotted Pardalote,Pardalotus quadragintus,upper_breast,,,,Y,,,"cream, brown"
Freckled Duck,Stictonetta naevosa,upper_breast,Y,,,Y,,,"brown, cream"
Frill-necked Monarch,Arses lorealis,upper_breast,,,,,,,white
Fuscous Honeyeater,Ptilotula fusca,upper_breast,Y,,,Y,,,"cream, brown"
Galah,Eolophus roseicapilla,upper_breast,,Y,,,,,pink
Gang-gang Cockatoo,Callocephalon fimbriatum,upper_breast,,,,Y,,,"grey, white"
Gibber Chat,Ashbyia lovensis,upper_breast,,,,,,,yellow
Gilbert's Whistler,Pachycephala inornata,upper_breast,,,,,,,grey
Glossy Black-Cockatoo,Calyptorhynchus lathami,upper_breast,,,,,,,black
Glossy Ibis,Plegadis falcinellus,upper_breast,,Y,,,,,brown
Golden Bowerbird,Amblyornis newtoniana,upper_breast,,,,,,,yellow
Golden Whistler,Pachycephala pectoralis,upper_breast,,,,,,,black
Golden-headed Cisticola,Cisticola exilis,upper_breast,Y,,,,,,cream
Golden-shouldered Parrot,Psephotus chrysopterygius,upper_breast,,,,,,,blue
Gouldian Finch,Erythrura gouldiae,upper_breast,,Y,,,,,purple
Graceful Honeyeater,Meliphaga gracilis,upper_breast,,,,,,,grey
Gray Butcherbird,Cracticus torquatus,upper_breast,,,,,,,"white, grey"
Gray Currawong,Strepera versicolor,upper_breast,,Y,,,,,grey
Gray Falcon,Falco hypoleucos,upper_breast,,,,Y,,,"grey, brown"
Gray Fantail,Rhipidura albiscapa,upper_breast,,Y,,,,,cream
Gray Goshawk,Accipiter novaehollandiae,upper_breast,,Y,Y,Y,,,"white, grey"
Gray Grasswren,Amytornis barbatus,upper_breast,,,,Y,,,"white, black"
Gray Honeyeater,Conopophila whitei,upper_breast,,,,,,,cream
Gray Shrikethrush,Colluricincla harmonica,upper_breast,,Y,,,,,grey
Gray Teal,Anas gracilis,upper_breast,,,,Y,,,"cream, brown"
Gray Whistler,Pachycephala simplex,upper_breast,,,,,,,
Gray-crowned Babbler,Pomatostomus temporalis,upper_breast,,Y,Y,,,,"cream, brown"
Gray-fronted Honeyeater,Ptilotula plumula,upper_breast,,,,Y,,,"cream, brown"
Gray-headed Honeyeater,Ptilotula keartlandi,upper_breast,,,,Y,,,"yellow, grey"
Gray-headed Robin,Heteromyias cinereifrons,upper_breast,,,,,,,grey
Great Bowerbird,Chlamydera nuchalis,upper_breast,,,,,,,grey
Great Cormorant,Phalacrocorax carbo,upper_breast,Y,,,,,,black
Great Crested Grebe,Podiceps cristatus,upper_breast,Y,,,,,,white
Great Crested Tern,Thalasseus bergii,upper_breast,Y,,,,,,white
Great Egret,Ardea alba,upper_breast,Y,,,,,,white
Greater Bluebonnet,Northiella haematogaster,upper_breast,,Y,,Y,,,"grey, cream"
Green Catbird,Ailuroedus crassirostris,upper_breast,,,,Y,,,"green, cream"
Green Oriole,Oriolus flavocinctus,upper_breast,,,,Y,,,"green, black"
Green Pygmy-Goose,Nettapus pulchellus,upper_breast,Y,,,,,,cream
Green Rosella,Platycercus caledonicus,upper_breast,,,,,,,yellow
Green-backed Gerygone,Gerygone chloronota,upper_breast,,,,,,,white
Green-backed Honeyeater,Glycichaera fallax,upper_breast,,,,,,,"grey, cream"
Ground Cuckooshrike,Coracina maxima,upper_breast,,,,,,,grey
Ground Parrot,Pezoporus wallicus,upper_breast,,,,Y,,,"green, black"
Gull-billed Tern,Gelochelidon nilotica,upper_breast,Y,,,,,,white
Hall's Babbler,Pomatostomus halli,upper_breast,,,,,,,white
Hardhead,Aythya australis,upper_breast,,,,,,,brown
Helmeted Friarbird,Philemon buceroides,upper_breast,,,,Y,,,"cream, brown"
Hoary-headed Grebe,Poliocephalus poliocephalus,upper_breast,Y,,,,,,cream
Hooded Parrot,Psephotus dissimilis,upper_breast,,,,,,,blue
Hooded Plover,Thinornis cucullatus,upper_breast,,,,,Y,,white
Hooded Robin,Melanodryas cucullata,upper_breast,,,,,,,white
Horsfield's Bronze-Cuckoo,Chrysococcyx basalis,upper_breast,,,,Y,,,"white, brown"
Inland Dotterel,Peltohyas australis,upper_breast,,,,,Y,,black
Inland Thornbill,Acanthiza apicalis,upper_breast,,,,Y,,,"cream, black"
Intermediate Egret,Ardea intermedia,upper_breast,Y,,,,,,white
Jacky-winter,Microeca fascinans,upper_breast,,,,,,,cream
Kalkadoon Grasswren,Amytornis ballarae,upper_breast,,,,Y,,,"brown, black, white"
Kelp Gull,Larus dominicanus,upper_breast,,,,,,,white
Large-billed Gerygone,Gerygone magnirostris,upper_breast,,,,,,,brown
Large-billed Scrubwren,Sericornis magnirostra,upper_breast,,,,,,,brown
Large-tailed Nightjar,Caprimulgus macrurus,upper_breast,,,,Y,,,"brown, cream"
Laughing Kookaburra,Dacelo novaeguineae,upper_breast,,,,,,,white
Leaden Flycatcher,Myiagra rubecula,upper_breast,,,,,,Y,blue
Lemon-bellied Flycatcher,Microeca flavigaster,upper_breast,,N,,,,,yellow
Lesser Crested Tern,Thalasseus bengalensis,upper_breast,Y,,,,,,white
Letter-winged Kite,Elanus scriptus,upper_breast,,,,,,,white
Lewin's Honeyeater,Meliphaga lewinii,upper_breast,,,,Y,,,grey
Lewin's Rail,Lewinia pectoralis,upper_breast,,,,,,,grey
Little Black Cormorant,Phalacrocorax sulcirostris,upper_breast,Y,,,,,,black
Little Bronze-Cuckoo,Chrysococcyx minutillus,upper_breast,,Y,,Y,,,"cream, brown, orange"
Little Buttonquail,Turnix velox,upper_breast,,,,,,,"cream, orange"
Little Corella,Cacatua sanguinea,upper_breast,,,,,,,white
Little Crow,Corvus bennetti,upper_breast,,,,,,,black
Little Eagle,Hieraaetus morphnoides,upper_breast,,Y,,Y,,,"cream, brown, black"
Little Egret,Egretta garzetta,upper_breast,Y,,,,,,
Little Friarbird,Philemon citreogularis,upper_breast,,,,Y,,,cream
Little Grassbird,Poodytes gramineus,upper_breast,,,,Y,,,"cream, black"
Little Kingfisher,Ceyx pusillus,upper_breast,,,,,,,white
Little Lorikeet,Glossopsitta pusilla,upper_breast,,,,,,,green
Little Pied Cormorant,Microcarbo melanoleucos,upper_breast,Y,,,,,,white
Little Raven,Corvus mellori,upper_breast,,,,,,,black
Little Shrikethrush,Colluricincla megarhyncha,upper_breast,,Y,N,,,,"orange, grey"
Little Tern,Sternula albifrons,upper_breast,Y,,,,,,white
Little Wattlebird,Anthochaera chrysoptera,upper_breast,,,,Y,,,"brown, white"
Little Woodswallow,Artamus minor,upper_breast,,,,,,,brown
Long-billed Corella,Cacatua tenuirostris,upper_breast,,,,,,,white
Long-tailed Finch,Poephila acuticauda,upper_breast,,Y,,,,,peach
Lovely Fairywren,Malurus amabilis,upper_breast,Y,,,,,,black
Macleay's Honeyeater,Xanthotis macleayanus,upper_breast,,,,Y,,,"grey, cream"
Magnificent Riflebird,Ptiloris magnificus,upper_breast,,,,,,Y,blue
Magpie Goose,Anseranas semipalmata,upper_breast,,,,,,,white
Magpie-lark,Grallina cyanoleuca,upper_breast,,,,,,,black
Mallee Emuwren,Stipiturus mallee,upper_breast,,,,,,,cream
Malleefowl,Leipoa ocellata,upper_breast,,,,Y,Y,,"black, white"
Maned Duck,Chenonetta jubata,upper_breast,,,,Y,,,"grey, brown"
Mangrove Fantail,Rhipidura phasiana,upper_breast,,,,,,,cream
Mangrove Gerygone,Gerygone levigaster,upper_breast,,,,,,,cream
Mangrove Honeyeater,Gavicalis fasciogularis,upper_breast,,,,Y,,,"brown, cream"
Mangrove Robin,Eopsaltria pulverulenta,upper_breast,,,,,,,"white, grey"
Marbled Frogmouth,Podargus ocellatus,upper_breast,,Y,,Y,,,"grey, brown"
Masked Finch,Poephila personata,upper_breast,,Y,,,,,peach
Masked Lapwing,Vanellus miles,upper_breast,,Y,,,,,white
Masked Woodswallow,Artamus personatus,upper_breast,,,,,,,grey
Metallic Starling,Aplonis metallica,upper_breast,,,,,,Y,"green, purple"
Mistletoebird,Dicaeum hirundinaceum,upper_breast,,,,,,,red
Morepork,Ninox novaeseelandiae,upper_breast,,Y,,Y,,,"brown, white"
Mountain Thornbill,Acanthiza katherina,upper_breast,,,,Y,,,"cream, grey"
Mulga Parrot,Psephotus varius,upper_breast,,,,,,,green
Musk Duck,Biziura lobata,upper_breast,,,,Y,,,"brown, cream"
Musk Lorikeet,Glossopsitta concinna,upper_breast,,,,,,,green
New Holland Honeyeater,Phylidonyris novaehollandiae,upper_breast,,,,Y,,,"white, black"
Noisy Friarbird,Philemon corniculatus,upper_breast,,,,Y,,,"cream, brown"
Noisy Miner,Manorina melanocephala,upper_breast,,,,Y,,,"cream, grey"
Noisy Pitta,Pitta versicolor,upper_breast,,,,,,,yellow
Noisy Scrub-bird,Atrichornis clamosus,upper_breast,,,,,,,
Northern Fantail,Rhipidura rufiventris,upper_breast,,,,Y,,,"brown, cream"
Northern Rosella,Platycercus venustus,upper_breast,,,,Y,,,"yellow, black"
Northern Scrub-Robin,Drymodes superciliaris,upper_breast,,,,,,,cream
Olive Whistler,Pachycephala olivacea,upper_breast,,,,,,,grey
Olive-backed Oriole,Oriolus sagittatus,upper_breast,,,,Y,,,"cream, brown"
Olive-backed Sunbird,Cinnyris jugularis,upper_breast,,,,,,Y,blue
Orange Chat,Epthianura aurifrons,upper_breast,,,,,,,orange
Orange-footed Scrubfowl,Megapodius reinwardt,upper_breast,,,,,,,grey
Osprey,Pandion haliaetus,upper_breast,,,,,,,white
Pacific Baza,Aviceda subcristata,upper_breast,,,,,,,grey
Pacific Black Duck,Anas superciliosa,upper_breast,,,,Y,,,"brown, cream"
Pacific Emerald Dove,Chalcophaps longirostris,upper_breast,,Y,,,,,"pink, brown"
Pacific Gull,Larus pacificus,upper_breast,,,,,,,white
Pacific Heron,Ardea pacifica,upper_breast,Y,,,,,,grey
Pacific Reef-Heron,Egretta sacra,upper_breast,,N,N,,,,grey
Painted Buttonquail,Turnix varius,upper_breast,,,,Y,,,"grey, white"
Painted Firetail,Emblema pictum,upper_breast,,,,Y,,,red
Painted Honeyeater,Grantiella picta,upper_breast,,,,Y,,,"white, black"
Pale-headed Rosella,Platycercus adscitus,upper_breast,,Y,N,,,,"blue, yellow"
Pale-vented Bush-hen,Amaurornis moluccana,upper_breast,Y,,,,,,grey
Pale-yellow Robin,Tregellasia capito,upper_breast,,Y,,,,,yellow
Pallid Cuckoo,Cacomantis pallidus,upper_breast,,,,,,,grey
Palm Cockatoo,Probosciger aterrimus,upper_breast,,,,,,,black
Papuan Frogmouth,Podargus papuensis,upper_breast,,,,Y,,,"brown, cream"
Paradise Riflebird,Ptiloris paradiseus,upper_breast,,,,,,,black
Partridge Pigeon,Geophaps smithii,upper_breast,,Y,,Y,Y,,"grey, black"
Peaceful Dove,Geopelia placida,upper_breast,,,,Y,,,cream
Peregrine Falcon,Falco peregrinus,upper_breast,,,,Y,,,"cream, black"
Pheasant Coucal,Centropus phasianinus,upper_breast,Y,,,Y,,,"black, grey"
Pictorella Munia,Heteromunia pectoralis,upper_breast,,,,,,,grey
Pied Butcherbird,Cracticus nigrogularis,upper_breast,,,,,,,black
Pied Cormorant,Phalacrocorax varius,upper_breast,Y,,,,,,white
Pied Currawong,Strepera graculina,upper_breast,,,,,,,black
Pied Heron,Egretta picata,upper_breast,,,,,,,white
Pied Honeyeater,Certhionyx variegatus,upper_breast,,,,,,,white
Pied Monarch,Arses kaupi,upper_breast,,,,,,,black
Pied Oystercatcher,Haematopus longirostris,upper_breast,,,,,,,black
Pied Stilt,Himantopus leucocephalus,upper_breast,,,,,,,white
Pilotbird,Pycnoptilus floccosus,upper_breast,,,,Y,,,"brown, orange"
Pink Cockatoo,Lophochroa leadbeateri,upper_breast,,,,,,,pink
Pink Robin,Petroica rodinogaster,upper_breast,,,,,,,pink
Pink-eared Duck,Malacorhynchus membranaceus,upper_breast,,,,Y,,,"cream, brown"
Plains-wanderer,Pedionomus torquatus,upper_breast,,,,Y,,,"cream, brown"
Plumed Whistling-Duck,Dendrocygna eytoni,upper_breast,,,,,,,cream
Plum-headed Finch,Neochmia modesta,upper_breast,,,,Y,,,"cream, brown"
Powerful Owl,Ninox strenua,upper_breast,,,,Y,,,"white, brown"
Princess Parrot,Polytelis alexandrae,upper_breast,,,,,,,green
Purple-crowned Fairywren,Malurus coronatus,upper_breast,,,,,,,cream
Purple-crowned Lorikeet,Glossopsitta porphyrocephala,upper_breast,,,,,,,blue
Purple-gaped Honeyeater,Lichenostomus cratitius,upper_breast,,,,,,,"cream, yellow"
Radjah Shelduck,Radjah radjah,upper_breast,,,,,,,white
Rainbow Bee-eater,Merops ornatus,upper_breast,,,,,,,"green, yellow"
Rainbow Lorikeet,Trichoglossus moluccanus,upper_breast,,N,,,,,orange
Rainbow Pitta,Pitta iris,upper_breast,,,,,,,black
Red Goshawk,Erythrotriorchis radiatus,upper_breast,,,,Y,,,"cream, brown"
Red Wattlebird,Anthochaera carunculata,upper_breast,,,,Y,,,"cream, brown"
Red-backed Buttonquail,Turnix maculosus,upper_breast,,,,Y,,,"cream, black"
Red-backed Fairywren,Malurus melanocephalus,upper_breast,,,,,,,black
Red-backed Kingfisher,Todiramphus pyrrhopygius,upper_breast,,,,,,,white
Red-browed Firetail,Neochmia temporalis,upper_breast,,,,,,,grey
Red-browed Pardalote,Pardalotus rubricatus,upper_breast,,,,,Y,,cream
Red-browed Treecreeper,Climacteris erythrops,upper_breast,,,,Y,,,grey
Red-capped Parrot,Purpureicephalus spurius,upper_breast,,,,,,,blue
Red-capped Plover,Charadrius ruficapillus,upper_breast,,,,,,,white
Red-capped Robin,Petroica goodenovii,upper_breast,,,,,,,red
Red-cheeked Parrot,Geoffroyus geoffroyi,upper_breast,,,,,,,green
Red-chested Buttonquail,Turnix pyrrhothorax,upper_breast,,,,,,,orange
Red-eared Firetail,Stagonopleura oculata,upper_breast,,,,Y,,,"brown, black"
Red-headed Myzomela,Myzomela erythrocephala,upper_breast,,,,,,,brown
Red-kneed Dotterel,Erythrogonys cinctus,upper_breast,,,,,,,black
Red-lored Whistler,Pachycephala rufogularis,upper_breast,,,,,,,grey
Red-necked Avocet,Recurvirostra novaehollandiae,upper_breast,,,,,,,white
Red-necked Crake,Rallina tricolor,upper_breast,,,,,,,orange
Red-rumped Parrot,Psephotus haematonotus,upper_breast,,,,,,,green
Red-tailed Black-Cockatoo,Calyptorhynchus banksii,upper_breast,,,,,,,black
Redthroat,Pyrrholaemus brunneus,upper_breast,,,,,,,"cream, grey"
Red-winged Fairywren,Malurus elegans,upper_breast,Y,,,,,,black
Red-winged Parrot,Aprosmictus erythropterus,upper_breast,,,,,,,green
Regent Bowerbird,Sericulus chrysocephalus,upper_breast,,,,,,,black
Regent Honeyeater,Anthochaera phrygia,upper_breast,,,,Y,,,"black, yellow"
Regent Parrot,Polytelis anthopeplus,upper_breast,,,,,,,yellow
Restless Flycatcher,Myiagra inquieta,upper_breast,,,,,,,white
Rock Parrot,Neophema petrophila,upper_breast,,,,,,,green
Rockwarbler,Origma solitaria,upper_breast,,,,,,,brown
Rose Robin,Petroica rosea,upper_breast,,,,,,,pink
Rose-crowned Fruit-Dove,Ptilinopus regina,upper_breast,,,,Y,,,grey
Royal Spoonbill,Platalea regia,upper_breast,Y,,,,,,"white, cream"
Rufous Bristlebird,Dasyornis broadbenti,upper_breast,,,,Y,,,"grey, cream"
Rufous Fantail,Rhipidura rufifrons,upper_breast,,,,Y,,,"cream, black"
Rufous Fieldwren,Calamanthus campestris,upper_breast,,,,Y,,,"cream, brown"
Rufous Night-Heron,Nycticorax caledonicus,upper_breast,Y,,,,,,"cream, peach"
Rufous Owl,Ninox rufa,upper_breast,,Y,,Y,,,"brown, cream"
Rufous Scrub-bird,Atrichornis rufescens,upper_breast,,,,Y,,,"orange, brown"
Rufous Songlark,Cincloramphus mathewsi,upper_breast,Y,,,,,,cream
Rufous Treecreeper,Climacteris rufus,upper_breast,,,,Y,,,"cream, brown, orange"
Rufous Whistler,Pachycephala rufiventris,upper_breast,,Y,,,,,black
Rufous-banded Honeyeater,Conopophila albogularis,upper_breast,,,,,,,brown
Rufous-crowned Emuwren,Stipiturus ruficeps,upper_breast,,,,Y,,,"blue, black"
Rufous-throated Honeyeater,Conopophila rufogularis,upper_breast,,,,,,,cream
Russet-tailed Thrush,Zoothera heinei,upper_breast,,,,Y,,,"cream, brown"
Sacred Kingfisher,Todiramphus sanctus,upper_breast,,,,,,,cream
Sandstone Shrikethrush,Colluricincla woodwardi,upper_breast,,,,,,,cream
Sarus Crane,Antigone antigone,upper_breast,,,,,,,grey
Satin Bowerbird,Ptilonorhynchus violaceus,upper_breast,,,,,,,black
Satin Flycatcher,Myiagra cyanoleuca,upper_breast,,,,,,Y,blue
Scaly-breasted Lorikeet,Trichoglossus chlorolepidotus,upper_breast,,,,Y,,,"green, yellow"
Scarlet Myzomela,Myzomela sanguinolenta,upper_breast,,,,,,,red
Scarlet Robin,Petroica boodang,upper_breast,,,,,,,orange
Scarlet-chested Parrot,Neophema splendida,upper_breast,,,,,,,orange
Scrubtit,Acanthornis magna,upper_breast,,,,,,,cream
Shining Bronze-Cuckoo,Chrysococcyx lucidus,upper_breast,,Y,,Y,,,"cream, brown"
Shining Flycatcher,Myiagra alecto,upper_breast,,,,,,Y,blue
Short-tailed Grasswren,Amytornis merrotsyi,upper_breast,,,,Y,,,"cream, brown"
Shy Heathwren,Hylacola cauta,upper_breast,,,,Y,,,"cream, brown"
Silver Gull,Chroicocephalus novaehollandiae,upper_breast,,,,,,,white
Silver-crowned Friarbird,Philemon argenticeps,upper_breast,,,,Y,,,"cream, brown"
Silvereye,Zosterops lateralis,upper_breast,,Y,,,,,"grey, cream"
Singing Honeyeater,Gavicalis virescens,upper_breast,,,,Y,,,"cream, grey"
Slaty-backed Thornbill,Acanthiza robustirostris,upper_breast,,,,,,,cream
Slender-billed Thornbill,Acanthiza iredalei,upper_breast,,N,,,,,cream
Sooty Owl,Tyto tenebricosa,upper_breast,,Y,,Y,,,"grey, white"
Sooty Oystercatcher,Haematopus fuliginosus,upper_breast,,Y,,,,,black
Southern Cassowary,Casuarius casuarius,upper_breast,,,,,,,black
Southern Emuwren,Stipiturus malachurus,upper_breast,,,,,,,orange
Southern Scrub-Robin,Drymodes brunneopygia,upper_breast,,,,,,,grey
Southern Whiteface,Aphelocephala leucopsis,upper_breast,,Y,,,,,cream
Spangled Drongo,Dicrurus bracteatus,upper_breast,,,,Y,,Y,"black, grey"
Speckled Warbler,Pyrrholaemus sagittatus,upper_breast,,,,Y,,,"cream, brown"
Spectacled Monarch,Symposiachrus trivirgatus,upper_breast,,Y,,,,,orange
Spinifex Pigeon,Geophaps plumifera,upper_breast,,Y,,,,,orange
Spinifexbird,Poodytes carteri,upper_breast,,,,,,,cream
Spiny-cheeked Honeyeater,Acanthagenys rufogularis,upper_breast,,,,,,,cream
Splendid Fairywren,Malurus splendens,upper_breast,Y,Y,,,,,blue
Spotless Crake,Zapornia tabuensis,upper_breast,,,,,,,grey
Spotted Bowerbird,Chlamydera maculata,upper_breast,,,,Y,,,"cream, brown"
Spotted Harrier,Circus assimilis,upper_breast,,,,Y,,,"brown, cream"
Spotted Nightjar,Eurostopodus argus,upper_breast,,,,Y,,,"black, brown"
Spotted Pardalote,Pardalotus punctatus,upper_breast,,Y,,,,,yellow
Spotted Quail-thrush,Cinclosoma punctatum,upper_breast,,,,,,,grey
Square-tailed Kite,Lophoictinia isura,upper_breast,,,,Y,,,"black, brown"
Squatter Pigeon,Geophaps scripta,upper_breast,,Y,,Y,,,"brown, grey"
Star Finch,Neochmia ruficauda,upper_breast,,Y,,Y,,,"green, cream"
Straw-necked Ibis,Threskiornis spinicollis,upper_breast,,,,,,Y,black
Striated Fieldwren,Calamanthus fuliginosus,upper_breast,,,,Y,,,"cream, brown"
Striated Grasswren,Amytornis striatus,upper_breast,,Y,,Y,,,"cream, grey"
Striated Heron,Butorides striata,upper_breast,,Y,,,,,"grey, brown"
Striated Pardalote,Pardalotus striatus,upper_breast,,Y,,,Y,,cream
Striated Thornbill,Acanthiza lineata,upper_breast,,,,Y,,,"cream, brown"
Striped Honeyeater,Plectorhyncha lanceolata,upper_breast,,,,Y,,,"cream, white"
Strong-billed Honeyeater,Melithreptus validirostris,upper_breast,,,,,,,grey
Stubble Quail,Coturnix pectoralis,upper_breast,,,,Y,Y,,black
Sulphur-crested Cockatoo,Cacatua galerita,upper_breast,,,,,,,white
Superb Fairywren,Malurus cyaneus,upper_breast,Y,,,,,Y,blue
Superb Fruit-Dove,Ptilinopus superbus,upper_breast,,,,Y,,,grey
Superb Lyrebird,Menura novaehollandiae,upper_breast,,,,,,,grey
Superb Parrot,Polytelis swainsonii,upper_breast,,,,,,,green
Swamp Harrier,Circus approximans,upper_breast,,,,Y,,,"brown, cream"
Swift Parrot,Lathamus discolor,upper_breast,,,,,,,green
Tasmanian Nativehen,Tribonyx mortierii,upper_breast,,,,,,,grey
Tasmanian Scrubwren,Sericornis humilis,upper_breast,,,,Y,,,"brown, cream"
Tasmanian Thornbill,Acanthiza ewingii,upper_breast,,,,Y,,,"cream, grey"
Tawny Frogmouth,Podargus strigoides,upper_breast,,Y,,Y,,,"grey, brown"
Tawny Grassbird,Cincloramphus timoriensis,upper_breast,,,,,,,cream
Tawny-breasted Honeyeater,Xanthotis flaviventer,upper_breast,,,,,,,brown
Tawny-crowned Honeyeater,Gliciphila melanops,upper_breast,,,,,Y,,white
Tooth-billed Bowerbird,Scenopoeetes dentirostris,upper_breast,,,,Y,,,"cream, brown"
Topknot Pigeon,Lopholaimus antarcticus,upper_breast,,,,Y,,,"grey, black"
Torresian Crow,Corvus orru,upper_breast,,,,,,,black
Torresian Imperial-Pigeon,Ducula spilorrhoa,upper_breast,,,,,,,white
Torresian Kingfisher,Todiramphus sordidus,upper_breast,,,,,,,white
Tree Martin,Petrochelidon nigricans,upper_breast,,,,Y,,,"cream, brown"
Tropical Scrubwren,Sericornis beccarii,upper_breast,,N,,,,,cream
Trumpet Manucode,Phonygammus keraudrenii,upper_breast,,,,,,Y,green
Turquoise Parrot,Neophema pulchella,upper_breast,,,,,,,yellow
Varied Honeyeater,Gavicalis versicolor,upper_breast,,,,Y,,,"yellow, brown"
Varied Lorikeet,Psitteuteles versicolor,upper_breast,,,,Y,,,"pink, yellow, green"
Varied Sittella,Daphoenositta chrysoptera,upper_breast,,,,,,,
Varied Triller,Lalage leucomela,upper_breast,,,,Y,,,"cream, grey"
Variegated Fairywren,Malurus lamberti,upper_breast,Y,Y,,,,,black
Victoria's Riflebird,Ptiloris victoriae,upper_breast,,,,,,,black
Wandering Whistling-Duck,Dendrocygna arcuata,upper_breast,,,,Y,,,"brown, black"
Wedge-tailed Eagle,Aquila audax,upper_breast,,,,,,,black
Weebill,Smicrornis brevirostris,upper_breast,,Y,,,,,"cream, yellow"
Welcome Swallow,Hirundo neoxena,upper_breast,,,,,,,cream
Western Bowerbird,Chlamydera guttata,upper_breast,,,,,,,cream
Western Bristlebird,Dasyornis longirostris,upper_breast,,,,Y,,,"grey, brown"
Western Corella,Cacatua pastinator,upper_breast,,,,,,,white
Western Gerygone,Gerygone fusca,upper_breast,,,,,,,cream
Western Grasswren,Amytornis textilis,upper_breast,,,,Y,,,"cream, brown"
Western Rosella,Platycercus icterotis,upper_breast,,,,,,,red
Western Spinebill,Acanthorhynchus superciliosus,upper_breast,,,,,,,brown
Western Thornbill,Acanthiza inornata,upper_breast,,,,,,,cream
Western Wattlebird,Anthochaera lunulata,upper_breast,,,,Y,,,"brown, cream"
Western Whipbird,Psophodes nigrogularis,upper_breast,,,,,,,brown
Western Yellow Robin,Eopsaltria griseogularis,upper_breast,,N,,,,,grey
Whiskered Tern,Chlidonias hybrida,upper_breast,Y,,,,,,grey
Whistling Kite,Haliastur sphenurus,upper_breast,,,,Y,,,"brown, cream"
White-backed Swallow,Cheramoeca leucosterna,upper_breast,,,,,,,white
White-bellied Cuckooshrike,Coracina papuensis,upper_breast,,Y,N,Y,,,"grey, black"
White-bellied Sea-Eagle,Haliaeetus leucogaster,upper_breast,,,,,,,white
White-breasted Robin,Eopsaltria georgiana,upper_breast,,,,,,,"white, grey"
White-breasted Whistler,Pachycephala lanioides,upper_breast,,,,,,,black
White-breasted Woodswallow,Artamus leucorynchus,upper_breast,,,,,,,white
White-browed Babbler,Pomatostomus superciliosus,upper_breast,,,,,,,white
White-browed Robin,Poecilodryas superciliosa,upper_breast,,,,,,,grey
White-browed Scrubwren,Sericornis frontalis,upper_breast,,Y,,Y,,,"cream, brown"
White-browed Treecreeper,Climacteris affinis,upper_breast,,,,,,,grey
White-browed Woodswallow,Artamus superciliosus,upper_breast,,,,,,,brown
White-cheeked Honeyeater,Phylidonyris niger,upper_breast,,Y,,Y,,,"black, white"
White-eared Honeyeater,Nesoptilotis leucotis,upper_breast,,,,,,,black
White-eared Monarch,Carterornis leucotis,upper_breast,,,,,,,grey
White-faced Heron,Egretta novaehollandiae,upper_breast,,,,Y,,,"grey, brown"
White-faced Robin,Tregellasia leucops,upper_breast,,,,,,,yellow
White-fronted Chat,Epthianura albifrons,upper_breast,,,,,,,black
White-fronted Honeyeater,Purnella albifrons,upper_breast,,,,,,,black
White-fronted Tern,Sterna striata,upper_breast,,,,,,,
White-gaped Honeyeater,Stomiopera unicolor,upper_breast,,,,,,,brown
White-headed Pigeon,Columba leucomela,upper_breast,,,,,,,white
White-lined Honeyeater,Meliphaga albilineata,upper_breast,,,,Y,,,"cream, brown"
White-naped Honeyeater,Melithreptus lunatus,upper_breast,,,,,,,white
White-plumed Honeyeater,Ptilotula penicillata,upper_breast,,Y,,,,,"grey, yellow"
White-quilled Rock-Pigeon,Petrophassa albipennis,upper_breast,,Y,,Y,,,"brown, grey"
White-streaked Honeyeater,Trichodere cockerelli,upper_breast,,,,Y,,,"cream, brown"
White-throated Gerygone,Gerygone olivacea,upper_breast,,,,,,,yellow
White-throated Grasswren,Amytornis woodwardi,upper_breast,,,,Y,,,"black, white"
White-throated Honeyeater,Melithreptus albogularis,upper_breast,,,,,,,white
White-throated Nightjar,Eurostopodus mystacalis,upper_breast,,,,Y,,,brown
White-throated Treecreeper,Cormobates leucophaea,upper_breast,,,,,,,grey
White-winged Chough,Corcorax melanorhamphos,upper_breast,,,,,,,black
White-winged Fairywren,Malurus leucopterus,upper_breast,,N,,,,,blue
White-winged Triller,Lalage tricolor,upper_breast,,,,,,,white
Willie-wagtail,Rhipidura leucophrys,upper_breast,,,,,,,white
Wompoo Fruit-Dove,Ptilinopus magnificus,upper_breast,,,,,,,purple
Wonga Pigeon,Leucosarcia melanoleuca,upper_breast,,,,,,,grey
Yellow Chat,Epthianura crocea,upper_breast,,,,,,,yellow
Yellow Honeyeater,Stomiopera flava,upper_breast,,,,,,,yellow
Yellow Thornbill,Acanthiza nana,upper_breast,,Y,N,,,,"yellow, cream"
Yellow Wattlebird,Anthochaera paradoxa,upper_breast,,,,Y,,,"cream, brown"
Yellow-billed Kingfisher,Syma torotoro,upper_breast,,,,,,,orange
Yellow-billed Spoonbill,Platalea flavipes,upper_breast,Y,,,,,,white
Yellow-breasted Boatbill,Machaerirhynchus flaviventer,upper_breast,,,,,,,yellow
Yellow-faced Honeyeater,Caligavis chrysops,upper_breast,,,,Y,,,"cream, brown"
Yellow-legged Flycatcher,Microeca griseoceps,upper_breast,,,,,,,cream
Yellow-plumed Honeyeater,Ptilotula ornata,upper_breast,,,,Y,,,"cream, brown"
Yellow-rumped Munia,Lonchura flaviprymna,upper_breast,,,,,,,peach
Yellow-rumped Thornbill,Acanthiza chrysorrhoa,upper_breast,,,,,,,cream
Yellow-spotted Honeyeater,Meliphaga notata,upper_breast,,,,,,,brown
Yellow-tailed Black-Cockatoo,Calyptorhynchus funereus,upper_breast,,,,,,,black
Yellow-throated Honeyeater,Nesoptilotis flavicollis,upper_breast,,,,Y,,,"grey, brown"
Yellow-throated Miner,Manorina flavigula,upper_breast,,Y,,Y,,,"grey, brown"
Yellow-throated Scrubwren,Sericornis citreogularis,upper_breast,,,,Y,,,"yellow, brown"
Yellow-tinted Honeyeater,Ptilotula flavescens,upper_breast,,,,Y,,,"yellow, brown"
Yellow-tufted Honeyeater,Lichenostomus melanops,upper_breast,,Y,,Y,,,"yellow, grey, green"
Zebra Finch,Taeniopygia guttata,upper_breast,,,,Y,,,black
Zitting Cisticola,Cisticola juncidis,upper_breast,,,,,,,
