id,observed_on_string,observed_on,time_observed_at,time_zone,out_of_range,user_id,user_login,created_at,updated_at,quality_grade,license,url,image_url,sound_url,tag_list,description,id_please,num_identification_agreements,num_identification_disagreements,captive_cultivated,oauth_application_id,place_guess,latitude,longitude,positional_accuracy,geoprivacy,taxon_geoprivacy,coordinates_obscured,positioning_method,positioning_device,species_guess,scientific_name,common_name,iconic_taxon_name,taxon_id,hq
421293,18/08/2013 14:58,18/08/2013,2013-08-18 04:58:18 UTC,Brisbane,,2991,sea-kangaroo,2013-10-07 22:51:21 UTC,2017-04-20 20:50:41 UTC,research,CC-BY,http://www.inaturalist.org/observations/421293,https://static.inaturalist.org/photos/531034/medium.JPG?1381186302,,"flower, purple, red",Fuzzy bracts.,FALSE,1,0,FALSE,,"White Rock Conservation Park, Queensland, Australia",-27.695649,152.857005,679,,,FALSE,,manual,Siratro,Macroptilium atropurpureum,Purple Bush-Bean,Plantae,165059,Y
4970522,2017-01-15T10:52,15/01/2017,2017-01-14 23:52:00 UTC,Sydney,,356868,c_potts,2017-01-19 04:13:16 UTC,2019-02-14 21:10:51 UTC,research,CC-BY,https://www.inaturalist.org/observations/4970522,https://static.inaturalist.org/photos/6065881/medium.jpeg?1484799200,,,Field Notes - Possible kennedia sprawling ground creeper,FALSE,2,0,FALSE,111,Australia,-27.52638327,153.4498253,,obscured,,TRUE,,,Purple Bush-Bean,Macroptilium atropurpureum,Purple Bush-Bean,Plantae,165059,
7957965,2009/04/17 12:08 PM AEST,17/04/2009,2009-04-17 02:08:00 UTC,Brisbane,,513582,ianmcmillan,2017-09-17 04:20:54 UTC,2017-09-17 05:11:36 UTC,research,CC-BY-NC,https://www.inaturalist.org/observations/7957965,https://static.inaturalist.org/photos/10513782/medium.jpg?1505622028,,,,FALSE,1,0,FALSE,,"33 Ray Myers Rd, Imbil QLD 4570, Australia",-26.4443374,152.6819622,250,,,FALSE,,,Siratro,Macroptilium atropurpureum,Purple Bush-Bean,Plantae,165059,Y
9237495,Sat Dec 23 2017 11:37:04 GMT+1000 (GMT+10),23/12/2017,2017-12-23 01:37:04 UTC,Brisbane,,176845,rich_fuller,2017-12-23 01:37:14 UTC,2019-09-18 10:06:07 UTC,research,CC0,https://www.inaturalist.org/observations/9237495,https://static.inaturalist.org/photos/12502911/medium.jpg?1513993042,,,,FALSE,2,0,FALSE,3,"22-24 Shearer Court, Jimboomba, QLD, AU",-27.81842457,152.958391,16,,,FALSE,,,Purple Bush-Bean,Macroptilium atropurpureum,Purple Bush-Bean,Plantae,165059,
9433920,10/01/2018,10/01/2018,,Auckland,,5302,meurkc,2018-01-10 23:48:52 UTC,2018-01-14 09:32:01 UTC,research,CC-BY-SA,https://www.inaturalist.org/observations/9433920,https://static.inaturalist.org/photos/12823942/medium.jpeg?1515628130,,,Dry sclerophyll forest track edge,FALSE,1,0,FALSE,,"Walkabout Creek, Brisbane, Queensland",-27.442214,152.925624,25,,,FALSE,,,Siratro,Macroptilium atropurpureum,Purple Bush-Bean,Plantae,165059,
10185546,2011/07/30 10:08 PM CDT,30/07/2011,2011-07-31 03:08:00 UTC,Central Time (US & Canada),,442526,milkweedguy,2018-03-11 17:18:29 UTC,2018-03-11 20:13:57 UTC,research,CC-BY-NC,https://www.inaturalist.org/observations/10185546,https://static.inaturalist.org/photos/14066013/medium.jpg?1520788678,,,,FALSE,1,0,FALSE,,"Lamb Range QLD 4870, Australia",-17.15,145.7,1000,,,FALSE,,,Siratro,Macroptilium atropurpureum,Purple Bush-Bean,Plantae,165059,
12327349,2018-05-07T09:18,7/05/2018,2018-05-06 23:18:00 UTC,Sydney,,944743,mrady,2018-05-10 17:34:12 UTC,2019-09-18 09:53:14 UTC,research,CC-BY,https://www.inaturalist.org/observations/12327349,https://static.inaturalist.org/photos/17744448/medium.jpg?1525973653,,,,FALSE,2,0,FALSE,111,"Queensland, AU",-26.94190102,152.6236962,,obscured,,TRUE,,,Purple Bush-Bean,Macroptilium atropurpureum,Purple Bush-Bean,Plantae,165059,
13228594,2011/10/11 11:45 PM CEST,11/10/2011,2011-10-11 21:45:00 UTC,Paris,,464262,jeremybarker,2018-06-08 12:56:11 UTC,2018-06-13 06:39:17 UTC,research,CC-BY-NC,https://www.inaturalist.org/observations/13228594,https://static.inaturalist.org/photos/19348828/medium.jpeg?1528461628,,,,FALSE,1,0,FALSE,,"Palmwoods QLD 4555, Australia",-26.69734039,152.9479403,323,,,FALSE,,,Siratro,Macroptilium atropurpureum,Purple Bush-Bean,Plantae,165059,Y
14264516,Thu May 31 2018 19:33:12 GMT-0400 (EDT),31/05/2018,2018-05-31 23:33:12 UTC,Eastern Time (US & Canada),,465907,angelajmcd,2018-07-11 17:49:19 UTC,2019-08-02 15:41:00 UTC,research,CC-BY-NC,https://www.inaturalist.org/observations/14264516,https://static.inaturalist.org/photos/21174786/medium.jpg?1531331361,,,,FALSE,1,0,FALSE,3,"58 Victoria Highway, , NT, AU",-15.663005,130.4822083,5,,,FALSE,,,Purple Bush-Bean,Macroptilium atropurpureum,Purple Bush-Bean,Plantae,165059,
15312155,2018/08/07 7:18 AM AEST,7/08/2018,2018-08-06 21:18:00 UTC,Brisbane,,222137,reiner,2018-08-11 07:46:57 UTC,2019-08-17 07:20:14 UTC,research,CC-BY,https://www.inaturalist.org/observations/15312155,https://static.inaturalist.org/photos/22926162/medium.jpeg?1533973242,,,,FALSE,2,0,FALSE,,"Boynedale QLD 4680, Australia",-24.158125,151.2163306,,,,FALSE,,,Purple Bush-Bean,Macroptilium atropurpureum,Purple Bush-Bean,Plantae,165059,Y
15362805,2018/08/07 10:54 AM AEST,7/08/2018,2018-08-07 00:54:00 UTC,Brisbane,,222137,reiner,2018-08-12 20:37:54 UTC,2019-08-17 07:17:01 UTC,research,CC-BY,https://www.inaturalist.org/observations/15362805,https://static.inaturalist.org/photos/23017853/medium.jpeg?1534106223,,,,FALSE,1,0,FALSE,,"Boynedale QLD 4680, Australia",-24.22504478,151.2539451,50,,,FALSE,,,Purple Bush-Bean,Macroptilium atropurpureum,Purple Bush-Bean,Plantae,165059,
15605105,2018/08/12 8:58 AM AEST,12/08/2018,2018-08-11 22:58:00 UTC,Brisbane,,222137,reiner,2018-08-18 04:30:55 UTC,2019-08-17 06:57:59 UTC,research,CC-BY,https://www.inaturalist.org/observations/15605105,https://static.inaturalist.org/photos/23328706/medium.jpeg?1534566579,,,,FALSE,1,0,FALSE,,"Byfield QLD 4703, Australia",-22.87304944,150.6848081,,,,FALSE,,,Purple Bush-Bean,Macroptilium atropurpureum,Purple Bush-Bean,Plantae,165059,
15718238,2018/08/15 9:33 AM AEST,15/08/2018,2018-08-14 23:33:00 UTC,Brisbane,,222137,reiner,2018-08-20 09:35:34 UTC,2018-08-20 10:06:31 UTC,research,CC-BY,https://www.inaturalist.org/observations/15718238,https://static.inaturalist.org/photos/23465643/medium.jpeg?1534757716,,,,FALSE,1,0,FALSE,,"Pinnacle QLD 4741, Australia",-21.19369222,148.6725292,,,,FALSE,,,Macroptilium atropurpureum,Macroptilium atropurpureum,Purple Bush-Bean,Plantae,165059,Y
15757263,2018/06/08 9:33 AM PDT,8/06/2018,2018-06-07 23:33:00 UTC,Brisbane,,2991,sea-kangaroo,2018-08-21 16:43:06 UTC,2018-08-22 05:51:43 UTC,research,CC-BY,https://www.inaturalist.org/observations/15757263,https://static.inaturalist.org/photos/23536556/medium.jpeg?1534869472,,"butterfly, flower, fruit, green, purple, red",,FALSE,1,0,FALSE,,"Noosa National Park, Queensland, Australia",-26.37849,153.11827,15,,,FALSE,,,Macroptilium atropurpureum,Macroptilium atropurpureum,Purple Bush-Bean,Plantae,165059,
15956141,2018/08/21 3:12 PM AEST,21/08/2018,2018-08-21 05:12:00 UTC,Brisbane,,222137,reiner,2018-08-27 20:57:54 UTC,2018-08-27 22:54:11 UTC,research,CC-BY,https://www.inaturalist.org/observations/15956141,https://static.inaturalist.org/photos/23879909/medium.jpeg?1535403455,,,,FALSE,1,0,FALSE,,"Townsville QLD, Australia",-19.30969167,146.7722108,,,,FALSE,,,Macroptilium atropurpureum,Macroptilium atropurpureum,Purple Bush-Bean,Plantae,165059,Y
16023335,2018/08/23 12:45 PM AEST,23/08/2018,2018-08-23 02:45:00 UTC,Brisbane,,222137,reiner,2018-08-30 09:09:42 UTC,2018-08-30 11:30:34 UTC,research,CC-BY,https://www.inaturalist.org/observations/16023335,https://static.inaturalist.org/photos/24002681/medium.jpeg?1535620120,,,,FALSE,1,0,FALSE,,"Bluewater QLD 4818, Australia",-19.17805167,146.5510058,,,,FALSE,,,Macroptilium atropurpureum,Macroptilium atropurpureum,Purple Bush-Bean,Plantae,165059,Y
16093502,2018/08/26 9:13 AM AEST,26/08/2018,2018-08-25 23:13:00 UTC,Brisbane,,222137,reiner,2018-09-01 09:54:00 UTC,2018-09-01 09:56:58 UTC,research,CC-BY,https://www.inaturalist.org/observations/16093502,https://static.inaturalist.org/photos/24107627/medium.jpeg?1535795540,,,,FALSE,1,0,FALSE,,"Cardstone QLD 4854, Australia",-17.77195583,145.6457406,,,,FALSE,,,Macroptilium atropurpureum,Macroptilium atropurpureum,Purple Bush-Bean,Plantae,165059,
16196312,2018/08/28 7:21 AM AEST,28/08/2018,2018-08-27 21:21:00 UTC,Brisbane,,222137,reiner,2018-09-04 06:05:48 UTC,2018-09-04 07:01:05 UTC,research,CC-BY,https://www.inaturalist.org/observations/16196312,https://static.inaturalist.org/photos/24295430/medium.jpeg?1536041076,,,,FALSE,1,0,FALSE,,"Babinda QLD 4861, Australia",-17.34948611,145.9255983,,,,FALSE,,,Macroptilium atropurpureum,Macroptilium atropurpureum,Purple Bush-Bean,Plantae,165059,Y
16252338,2018/08/29 12:56 PM AEST,29/08/2018,2018-08-29 02:56:00 UTC,Brisbane,,222137,reiner,2018-09-06 07:11:14 UTC,2018-09-06 07:11:49 UTC,research,CC-BY,https://www.inaturalist.org/observations/16252338,https://static.inaturalist.org/photos/24398814/medium.jpeg?1536217845,,,,FALSE,1,0,FALSE,,"Mareeba QLD 4880, Australia",-17.07992722,145.4486756,,,,FALSE,,,Macroptilium atropurpureum,Macroptilium atropurpureum,Purple Bush-Bean,Plantae,165059,Y
16280639,2018/08/31 8:04 AM AEST,31/08/2018,2018-08-30 22:04:00 UTC,Brisbane,,222137,reiner,2018-09-07 07:37:03 UTC,2018-09-07 08:04:20 UTC,research,CC-BY,https://www.inaturalist.org/observations/16280639,https://static.inaturalist.org/photos/24448588/medium.jpeg?1536305756,,,,FALSE,1,0,FALSE,,"Kuranda QLD 4881, Australia",-16.80107306,145.6116,,,,FALSE,,,Macroptilium atropurpureum,Macroptilium atropurpureum,Purple Bush-Bean,Plantae,165059,Y
16306490,2018/09/01 8:40 AM AEST,1/09/2018,2018-08-31 22:40:00 UTC,Brisbane,,222137,reiner,2018-09-08 01:57:59 UTC,2018-09-08 03:14:44 UTC,research,CC-BY,https://www.inaturalist.org/observations/16306490,https://static.inaturalist.org/photos/24494602/medium.jpeg?1536371690,,,,FALSE,1,0,FALSE,,"Goldsborough QLD 4865, Australia",-17.14221561,145.7525314,20,,,FALSE,,,Macroptilium atropurpureum,Macroptilium atropurpureum,Purple Bush-Bean,Plantae,165059,
16790303,2018/09/21 8:38 PM +1000,21/09/2018,2018-09-21 10:38:00 UTC,Brisbane,,534799,melodieoll,2018-09-22 12:48:08 UTC,2019-04-09 03:49:41 UTC,research,CC-BY-NC,https://www.inaturalist.org/observations/16790303,https://static.inaturalist.org/photos/25343066/medium.jpeg?1537615413,,,,FALSE,2,0,FALSE,,"Brisbane Queensland, Australie",-27.49572777,153.03094,71,,,FALSE,,,Purple Bush-Bean,Macroptilium atropurpureum,Purple Bush-Bean,Plantae,165059,
18836796,2018/06/14 9:03 AM AEST,14/06/2018,2018-06-13 23:03:00 UTC,Brisbane,,2991,sea-kangaroo,2018-12-05 03:53:02 UTC,2019-03-18 04:22:21 UTC,research,CC-BY,https://www.inaturalist.org/observations/18836796,https://static.inaturalist.org/photos/28855287/medium.jpeg?1543981882,,"introduced, green, fruit, red, Flower",,FALSE,1,0,FALSE,,"Tin Can Bay, Queensland, Australia",-25.90379,153.01224,7,,,FALSE,,,Purple Bush-Bean,Macroptilium atropurpureum,Purple Bush-Bean,Plantae,165059,Y
18842166,2018/12/05 6:04 PM AEDT,5/12/2018,2018-12-05 07:04:00 UTC,Sydney,,661392,nicklambert,2018-12-05 13:50:20 UTC,2019-11-10 12:02:48 UTC,research,CC-BY-NC-SA,https://www.inaturalist.org/observations/18842166,https://static.inaturalist.org/photos/28864144/medium.jpeg?1544017260,,,"Rough, hairy, tangly, vine-like plant",FALSE,1,0,FALSE,,"Coffs Harbour NSW, Australia",-30.344107,153.0854184,2,,,FALSE,,,Purple Bush-Bean,Macroptilium atropurpureum,Purple Bush-Bean,Plantae,165059,
18858807,2018-12-06 10:47:37 AM NZDT,6/12/2018,2018-12-05 21:47:37 UTC,Wellington,,58645,naturewatchwidow,2018-12-06 08:53:14 UTC,2019-05-22 09:20:13 UTC,research,CC-BY,https://www.inaturalist.org/observations/18858807,https://static.inaturalist.org/photos/28893058/medium.jpeg?1544086439,,,,FALSE,2,0,FALSE,2,"4 Kate St, Toowong QLD 4066, Australia",-27.48088195,152.9888684,12,,,FALSE,,,Purple Bush-Bean,Macroptilium atropurpureum,Purple Bush-Bean,Plantae,165059,
19117182,2018-12-18T19:21,18/12/2018,2018-12-18 08:21:00 UTC,Sydney,,196849,questagame,2018-12-20 12:26:40 UTC,2018-12-22 10:27:07 UTC,research,CC-BY,https://www.inaturalist.org/observations/19117182,https://static.inaturalist.org/photos/29342782/medium.jpeg?1545308802,,,"Sighting and photos (c) grisper.
Field Notes - In creek",FALSE,2,0,FALSE,111,"Queensland, AU",-27.28720212,152.9093224,,obscured,,TRUE,,,Purple Bush-Bean,Macroptilium atropurpureum,Purple Bush-Bean,Plantae,165059,
19769596,2018/10/31 12:32 AM PDT,31/10/2018,2018-10-31 07:32:00 UTC,Pacific Time (US & Canada),,6971,silversea_starsong,2019-01-21 01:17:59 UTC,2019-01-21 02:32:26 UTC,research,CC-BY-NC,https://www.inaturalist.org/observations/19769596,https://static.inaturalist.org/photos/30464052/medium.jpeg?1548032968,,,,FALSE,1,0,FALSE,,"Queensland, Australia",-16.91114333,145.769325,,,,FALSE,,,Purple Bush-Bean,Macroptilium atropurpureum,Purple Bush-Bean,Plantae,165059,Y
20414447,2019-02-17 6:10:31 pm GMT+11:00,17/02/2019,2019-02-17 07:10:31 UTC,Asia/Magadan,,661392,nicklambert,2019-02-17 08:30:25 UTC,2019-02-17 14:01:32 UTC,research,CC-BY-NC-SA,https://www.inaturalist.org/observations/20414447,https://static.inaturalist.org/photos/31520613/medium.jpeg?1550392228,,,Vine on ground amongst grass,FALSE,1,0,FALSE,2,"Unnamed Road, Coffs Harbour NSW 2450, Australia",-30.35135959,153.1051662,10,,,FALSE,,,賽芻豆,Macroptilium atropurpureum,Purple Bush-Bean,Plantae,165059,
21507621,Sat Mar 23 2019 10:32:37 GMT+1000 (GMT+10),23/03/2019,2019-03-23 00:32:37 UTC,Brisbane,,859490,elawrey,2019-03-23 06:47:13 UTC,2019-04-01 04:40:23 UTC,research,CC-BY,https://www.inaturalist.org/observations/21507621,https://static.inaturalist.org/photos/33282834/medium.jpg?1553323695,,,,FALSE,1,0,FALSE,3,"103–107 The Strand, , QLD, AU",-19.24313,146.808975,5,,,FALSE,,,Purple Bush-Bean,Macroptilium atropurpureum,Purple Bush-Bean,Plantae,165059,
22072991,2019/04/06 11:32 AM AEST,6/04/2019,2019-04-06 01:32:00 UTC,Brisbane,,636550,rlawrenz,2019-04-06 08:09:03 UTC,2019-04-07 11:37:02 UTC,research,,https://www.inaturalist.org/observations/22072991,https://static.inaturalist.org/photos/34184371/medium.jpg?1554537969,,,,FALSE,2,0,FALSE,,"Cleveland, Queensland, Australia",-27.53640167,153.2553483,,,,FALSE,,,Purple Bush-Bean,Macroptilium atropurpureum,Purple Bush-Bean,Plantae,165059,Y
22127672,Sun Apr 07 2019 12:54:39 GMT+1000 (GMT+10),7/04/2019,2019-04-07 02:54:39 UTC,Brisbane,,859490,elawrey,2019-04-07 03:57:12 UTC,2019-04-07 08:09:34 UTC,research,CC-BY,https://www.inaturalist.org/observations/22127672,https://static.inaturalist.org/photos/34256087/medium.jpg?1554609457,,,,FALSE,1,0,FALSE,3,"126-164 Hanran Street, Townsville, QLD, AU",-19.26285833,146.816605,5,,,FALSE,,,Purple Bush-Bean,Macroptilium atropurpureum,Purple Bush-Bean,Plantae,165059,
22351740,2019/04/12 9:10 AM AEST,12/04/2019,2019-04-11 23:10:00 UTC,Sydney,,661392,nicklambert,2019-04-12 00:51:15 UTC,2019-04-20 04:24:32 UTC,research,CC-BY-NC-SA,https://www.inaturalist.org/observations/22351740,https://static.inaturalist.org/photos/34616941/medium.jpeg?1555029261,,,,FALSE,1,0,FALSE,,"Coffs Harbour - Pt A, New South Wales, Australia",-30.37395,153.1012717,,,,FALSE,,,Purple Bush-Bean,Macroptilium atropurpureum,Purple Bush-Bean,Plantae,165059,Y
25078171,Tue May 14 2019 07:37:06 GMT+1000 (GMT+10),14/05/2019,2019-05-13 21:37:06 UTC,Brisbane,,1188755,gavanjm,2019-05-13 21:38:44 UTC,2019-12-08 13:59:58 UTC,research,,https://www.inaturalist.org/observations/25078171,https://static.inaturalist.org/photos/38809442/medium.jpg?1557783534,,,,FALSE,3,1,FALSE,3,"Thursday Island, , , AU",-10.58851945,142.2116367,8,,,FALSE,,,Purple Bush-Bean,Macroptilium atropurpureum,Purple Bush-Bean,Plantae,165059,
26104086,Thu May 30 2019 12:25:18 GMT+1000 (GMT+10),30/05/2019,2019-05-30 02:25:18 UTC,Brisbane,,139044,marissa-b,2019-05-31 08:05:15 UTC,2019-05-31 12:06:51 UTC,research,CC-BY-NC,https://www.inaturalist.org/observations/26104086,https://static.inaturalist.org/photos/40505444/medium.jpg?1559289967,,,,FALSE,2,0,FALSE,3,"4871, , QLD, AU",-16.63561167,145.3264917,5,,,FALSE,,,Purple Bush-Bean,Macroptilium atropurpureum,Purple Bush-Bean,Plantae,165059,Y
26847529,2012/04/22 8:49 AM AEST,22/04/2012,2012-04-21 22:49:00 UTC,Melbourne,,222137,reiner,2019-06-12 04:31:23 UTC,2019-06-13 09:13:25 UTC,research,CC-BY,https://www.inaturalist.org/observations/26847529,https://static.inaturalist.org/photos/41712913/medium.jpeg?1560313723,,,,FALSE,1,0,FALSE,,"Boynewood QLD 4626, Australia",-25.59905833,151.2995064,,,,FALSE,,,Purple Bush-Bean,Macroptilium atropurpureum,Purple Bush-Bean,Plantae,165059,Y
28651214,2019-07-12 9:02:10 am AEST,12/07/2019,2019-07-11 23:02:10 UTC,Melbourne,,1392649,cygnusa,2019-07-12 02:07:58 UTC,2019-07-15 02:33:52 UTC,research,CC-BY-NC-ND,https://www.inaturalist.org/observations/28651214,https://static.inaturalist.org/photos/44677600/medium.jpeg?1562897282,,,,FALSE,2,0,FALSE,2,"Esplanade, Lower Daintree QLD 4873, Australia",-16.26214626,145.3924904,132,,,FALSE,gps,gps,Purple Bush-Bean,Macroptilium atropurpureum,Purple Bush-Bean,Plantae,165059,
28934531,29/01/2005,29/01/2005,,Sydney,,1971523,graemevc,2019-07-16 14:00:50 UTC,2019-07-16 22:29:26 UTC,research,CC-BY-NC,https://www.inaturalist.org/observations/28934531,https://static.inaturalist.org/photos/45130580/medium.jpeg?1563285646,,,"Siratro
Identified as Macroptilium atropurpureum on <a href=""http://www.bowerbird.org.au/observations/9257"">Bowerbird</a> by Graeme Cocks",FALSE,1,0,FALSE,,"LOT 34 Marks Street, Hermit Park QLD 4812, Australia",-19.282777,146.800833,,,,FALSE,,,Purple Bush-Bean,Macroptilium atropurpureum,Purple Bush-Bean,Plantae,165059,Y
29272385,Fri Jul 19 2019 16:44:34 GMT+1000 (GMT+10),19/07/2019,2019-07-19 06:44:34 UTC,Brisbane,,859490,elawrey,2019-07-21 21:12:21 UTC,2019-07-22 12:31:44 UTC,research,CC-BY,https://www.inaturalist.org/observations/29272385,https://static.inaturalist.org/photos/45674855/medium.jpg?1563743589,,,,FALSE,1,0,FALSE,3,"Freshwater Lagoon Road, Town Common, QLD, AU",-19.228845,146.775605,5,,,FALSE,,,Purple Bush-Bean,Macroptilium atropurpureum,Purple Bush-Bean,Plantae,165059,
30044974,2019/06/21 2:31 AM BST,21/06/2019,2019-06-21 01:31:00 UTC,London,,407878,jcorrie,2019-08-02 15:39:33 UTC,2020-01-08 05:52:11 UTC,research,CC-BY-NC,https://www.inaturalist.org/observations/30044974,https://static.inaturalist.org/photos/46919006/medium.jpeg?1564760366,,,Grown as a feed crop but has become a weed in parts of Australia. GBIF data suggest this is the most likely species in the Broome area. The similar Macroptilium lathyrus has less intensely red flowers and is more common further east in Australia.,FALSE,1,0,FALSE,,"Broome WA, Australia",-17.933,122.21,,,,FALSE,,,Purple Bush-Bean,Macroptilium atropurpureum,Purple Bush-Bean,Plantae,165059,Y
30091713,2019/07/30 6:28 PM AEST,30/07/2019,2019-07-30 08:28:00 UTC,Melbourne,,222137,reiner,2019-08-03 09:51:14 UTC,2019-08-18 09:28:57 UTC,research,CC-BY,https://www.inaturalist.org/observations/30091713,https://static.inaturalist.org/photos/46993302/medium.jpeg?1564824973,,,,FALSE,2,0,FALSE,,"Pentland QLD 4816, Australia",-20.44206238,145.5335962,50,,,FALSE,,,Purple Bush-Bean,Macroptilium atropurpureum,Purple Bush-Bean,Plantae,165059,Y
30470311,2019/08/04 12:13 PM AEST,4/08/2019,2019-08-04 02:13:00 UTC,Melbourne,,222137,reiner,2019-08-09 08:26:38 UTC,2019-08-09 09:03:41 UTC,research,CC-BY,https://www.inaturalist.org/observations/30470311,https://static.inaturalist.org/photos/47607087/medium.jpeg?1565339152,,,,FALSE,1,0,FALSE,,"Pentland QLD 4816, Australia",-20.52052859,145.3920866,,,,FALSE,,,Purple Bush-Bean,Macroptilium atropurpureum,Purple Bush-Bean,Plantae,165059,
30779758,Wed Aug 14 2019 08:51:52 GMT+1000 (GMT+10),14/08/2019,2019-08-13 22:51:52 UTC,Brisbane,,859490,elawrey,2019-08-13 23:01:39 UTC,2019-08-17 22:16:35 UTC,research,CC-BY,https://www.inaturalist.org/observations/30779758,https://static.inaturalist.org/photos/48107205/medium.jpg?1565737304,,,,FALSE,2,0,FALSE,3,"Hanran Park, Townsville, QLD, AU",-19.26274167,146.8179167,5,,,FALSE,,,Purple Bush-Bean,Macroptilium atropurpureum,Purple Bush-Bean,Plantae,165059,Y
30921477,2019/08/15 8:08 PM AEST,15/08/2019,2019-08-15 10:08:00 UTC,Melbourne,,222137,reiner,2019-08-16 09:28:06 UTC,2019-08-17 21:33:11 UTC,research,CC-BY,https://www.inaturalist.org/observations/30921477,https://static.inaturalist.org/photos/48343381/medium.jpeg?1565947489,,,,FALSE,2,0,FALSE,,"Mareeba QLD 4880, Australia",-16.98227569,145.4182184,100,,,FALSE,,,Purple Bush-Bean,Macroptilium atropurpureum,Purple Bush-Bean,Plantae,165059,Y
31095846,2019/08/16 4:10 PM AEST,16/08/2019,2019-08-16 06:10:00 UTC,Melbourne,,222137,reiner,2019-08-19 01:49:46 UTC,2019-08-19 02:08:47 UTC,research,CC-BY,https://www.inaturalist.org/observations/31095846,https://static.inaturalist.org/photos/48632534/medium.jpeg?1566179186,,,,FALSE,1,0,FALSE,,"Mareeba, Queensland, Australia",-16.99950892,145.4292649,,,,FALSE,,,Purple Bush-Bean,Macroptilium atropurpureum,Purple Bush-Bean,Plantae,165059,Y
31158698,2019/08/17 2:03 PM AEST,17/08/2019,2019-08-17 04:03:00 UTC,Melbourne,,222137,reiner,2019-08-20 03:49:55 UTC,2019-08-20 04:28:46 UTC,research,CC-BY,https://www.inaturalist.org/observations/31158698,https://static.inaturalist.org/photos/48739922/medium.jpeg?1566272782,,,,FALSE,1,0,FALSE,,"Mareeba, Queensland, Australia",-16.64112013,145.2403991,,,,FALSE,,,Purple Bush-Bean,Macroptilium atropurpureum,Purple Bush-Bean,Plantae,165059,Y
31391696,Sat Aug 24 2019 16:42:37 GMT+1000 (GMT+10),24/08/2019,2019-08-24 06:42:37 UTC,Brisbane,,859490,elawrey,2019-08-24 09:45:55 UTC,2019-08-25 06:34:57 UTC,research,CC-BY,https://www.inaturalist.org/observations/31391696,https://static.inaturalist.org/photos/49127807/medium.jpg?1566639958,,,Growing over another plant.,FALSE,1,0,FALSE,3,"North Ward-Castle Hill, North Ward, QLD, AU",-19.23935,146.8053583,5,,,FALSE,,,Purple Bush-Bean,Macroptilium atropurpureum,Purple Bush-Bean,Plantae,165059,
31824275,2019/08/29 10:04 AM AEST,29/08/2019,2019-08-29 00:04:00 UTC,Melbourne,,222137,reiner,2019-08-31 01:29:53 UTC,2019-08-31 02:42:56 UTC,research,CC-BY,https://www.inaturalist.org/observations/31824275,https://static.inaturalist.org/photos/49849339/medium.jpeg?1567214833,,,,FALSE,1,0,FALSE,,"Cardstone QLD 4854, Australia",-17.749706,145.611971,,,,FALSE,,,Purple Bush-Bean,Macroptilium atropurpureum,Purple Bush-Bean,Plantae,165059,Y
31898706,Sun Sep 01 2019 11:07:17 GMT+1000 (GMT+10),1/09/2019,2019-09-01 01:07:17 UTC,Brisbane,,859490,elawrey,2019-09-01 04:55:24 UTC,2019-09-20 11:37:35 UTC,research,CC-BY,https://www.inaturalist.org/observations/31898706,https://static.inaturalist.org/photos/49974929/medium.jpg?1567313781,,,,FALSE,1,0,FALSE,3,"The Great Barrier Reef Marine Park, Rowes Bay, QLD, AU",-19.23006167,146.7817533,5,,,FALSE,,,Purple Bush-Bean,Macroptilium atropurpureum,Purple Bush-Bean,Plantae,165059,
32258192,2019-09-07 5:00:27 pm GMT+10:00,7/09/2019,2019-09-07 07:00:27 UTC,Sydney,,661392,nicklambert,2019-09-07 09:02:45 UTC,2019-09-07 09:53:30 UTC,research,CC-BY-NC-SA,https://www.inaturalist.org/observations/32258192,https://static.inaturalist.org/photos/50579548/medium.jpeg?1567846969,,,,FALSE,1,0,FALSE,2,"Barcoongere NSW 2460, Australia",-29.95148638,153.2476912,5,,,FALSE,gps,gps,Purple Bush-Bean,Macroptilium atropurpureum,Purple Bush-Bean,Plantae,165059,
33789911,Sat Sep 28 2019 05:41:06 GMT+0800 (GMT+8),28/09/2019,2019-09-27 21:41:06 UTC,Australia/Perth,,57863,sdjbrown,2019-10-03 09:36:17 UTC,2019-10-03 11:43:36 UTC,research,CC-BY,https://www.inaturalist.org/observations/33789911,https://static.inaturalist.org/photos/53107939/medium.jpg?1570095409,,,,FALSE,2,0,FALSE,3,"Muddy's Playground, Cairns North, QLD, AU",-16.91028,145.7678833,5,,,FALSE,,,Purple Bush-Bean,Macroptilium atropurpureum,Purple Bush-Bean,Plantae,165059,
34484068,2019/08/18 12:44 PM AEST,18/08/2019,2019-08-18 02:44:00 UTC,Brisbane,,2318682,nawocnai,2019-10-17 03:40:12 UTC,2019-10-17 04:11:06 UTC,research,CC-BY-NC,https://www.inaturalist.org/observations/34484068,https://static.inaturalist.org/photos/54279181/medium.jpg?1571283560,,,,FALSE,1,0,FALSE,,"Gregory Highway, Greenvale QLD 4816, Australia",-19.14859091,145.3534088,10,,,FALSE,,,Purple Bush-Bean,Macroptilium atropurpureum,Purple Bush-Bean,Plantae,165059,
34814105,2019/10/24 9:19 AM AEST,24/10/2019,2019-10-23 23:19:00 UTC,Brisbane,,2318682,nawocnai,2019-10-24 02:55:14 UTC,2019-10-24 03:02:03 UTC,research,CC-BY-NC,https://www.inaturalist.org/observations/34814105,https://static.inaturalist.org/photos/54838265/medium.jpg?1571885653,,,,FALSE,1,0,FALSE,,"Deep Acres Drive, Palm Cove, Cairns QLD, Australia",-16.75624413,145.6631399,20,,,FALSE,,,Purple Bush-Bean,Macroptilium atropurpureum,Purple Bush-Bean,Plantae,165059,
34988934,28/10/2019,28/10/2019,,Brisbane,,2319009,deethy,2019-10-28 00:33:05 UTC,2019-10-28 21:22:25 UTC,research,CC-BY-NC,https://www.inaturalist.org/observations/34988934,https://static.inaturalist.org/photos/55138019/medium.jpeg?1572222789,,,,FALSE,1,0,FALSE,333,Brendale,-27.32909869,152.9663735,,,,FALSE,,,Purple Bush-Bean,Macroptilium atropurpureum,Purple Bush-Bean,Plantae,165059,
35176031,2019/03/07 9:34 AM AEST,7/03/2019,2019-03-06 23:34:00 UTC,Brisbane,,2318682,nawocnai,2019-11-01 20:44:04 UTC,2019-11-01 21:29:47 UTC,research,CC-BY-NC,https://www.inaturalist.org/observations/35176031,https://static.inaturalist.org/photos/55438494/medium.jpg?1572641016,,,,FALSE,2,0,FALSE,,"Clifton Beach, Cairns QLD, Australia",-16.77427013,145.6813288,20,,,FALSE,,,Purple Bush-Bean,Macroptilium atropurpureum,Purple Bush-Bean,Plantae,165059,
35620837,2019/11/11 9:07 AM AEST,11/11/2019,2019-11-10 23:07:00 UTC,Brisbane,,2318682,nawocnai,2019-11-12 21:10:49 UTC,2019-11-12 21:15:10 UTC,research,CC-BY-NC,https://www.inaturalist.org/observations/35620837,https://static.inaturalist.org/photos/56186561/medium.jpg?1573593015,,,,FALSE,1,0,FALSE,,"Lake Street, North Cairns, Cairns QLD, Australia",-16.90024244,145.7587339,20,,,FALSE,,,Purple Bush-Bean,Macroptilium atropurpureum,Purple Bush-Bean,Plantae,165059,Y
35629760,2019-11-13 12:27:58 pm AEST,13/11/2019,2019-11-13 02:27:58 UTC,Brisbane,,1817592,geofflot,2019-11-13 02:28:35 UTC,2019-11-14 21:34:00 UTC,research,CC-BY-NC,https://www.inaturalist.org/observations/35629760,https://static.inaturalist.org/photos/56201857/medium.jpeg?1573612119,,,,FALSE,2,0,FALSE,2,"Emu Park QLD 4710, Australia",-23.26303541,150.8279096,6,,,FALSE,,,Purple Bush-Bean,Macroptilium atropurpureum,Purple Bush-Bean,Plantae,165059,
35800473,2019/11/17 7:44 AM AEST,17/11/2019,2019-11-16 21:44:00 UTC,Brisbane,,2318682,nawocnai,2019-11-18 01:37:22 UTC,2019-11-18 01:44:00 UTC,research,CC-BY-NC,https://www.inaturalist.org/observations/35800473,https://static.inaturalist.org/photos/56497671/medium.jpg?1574041003,,,,FALSE,1,0,FALSE,,"Barron Waters Park, Caravonica, Cairns QLD, Australia",-16.86918725,145.6849556,20,,,FALSE,,,Purple Bush-Bean,Macroptilium atropurpureum,Purple Bush-Bean,Plantae,165059,
36177602,2019/11/29 7:10 AM AEST,29/11/2019,2019-11-28 21:10:00 UTC,Brisbane,,2318682,nawocnai,2019-11-29 03:24:25 UTC,2019-11-29 04:34:37 UTC,research,CC-BY-NC,https://www.inaturalist.org/observations/36177602,https://static.inaturalist.org/photos/57156215/medium.jpg?1574997828,,,,FALSE,1,0,FALSE,,"Esplanade Parklands, Cooktown QLD 4895, Australiaplanade",-15.4573148,145.2542741,20,,,FALSE,,,Purple Bush-Bean,Macroptilium atropurpureum,Purple Bush-Bean,Plantae,165059,
36274217,2019/11/30 9:32 AM AEST,30/11/2019,2019-11-29 23:32:00 UTC,Brisbane,,2318682,nawocnai,2019-12-02 00:48:27 UTC,2019-12-02 02:52:25 UTC,research,CC-BY-NC,https://www.inaturalist.org/observations/36274217,https://static.inaturalist.org/photos/57321389/medium.jpg?1575247630,,,,FALSE,1,0,FALSE,,"Hilltop Farm Dam, Cooktown QLD 4895, Australia",-15.41602398,145.084294,20,,,FALSE,,,Purple Bush-Bean,Macroptilium atropurpureum,Purple Bush-Bean,Plantae,165059,
36948950,2019/09/25 9:05 AM AEST,25/09/2019,2019-09-24 23:05:00 UTC,Brisbane,,2318682,nawocnai,2019-12-25 21:53:53 UTC,2019-12-25 22:44:19 UTC,research,CC-BY-NC,https://www.inaturalist.org/observations/36948950,https://static.inaturalist.org/photos/58491073/medium.jpg?1577310798,,,,FALSE,1,0,FALSE,,"Centenary Lakes, Edge Hill, Cairns QLD, Australia",-16.90325709,145.7480654,20,,,FALSE,,,Purple Bush-Bean,Macroptilium atropurpureum,Purple Bush-Bean,Plantae,165059,Y
37349069,2019/07/17 11:17 AM AEST,17/07/2019,2019-07-17 01:17:00 UTC,Brisbane,,2318682,nawocnai,2020-01-06 21:24:22 UTC,2020-01-06 23:47:19 UTC,research,CC-BY-NC,https://www.inaturalist.org/observations/37349069,https://static.inaturalist.org/photos/59192915/medium.jpg?1578345821,,,,FALSE,1,0,FALSE,,"Cattana Wetlands, Smithfield, Cairns QLD, Australia",-16.83407758,145.6991324,20,,,FALSE,,,Purple Bush-Bean,Macroptilium atropurpureum,Purple Bush-Bean,Plantae,165059,
37396122,2019/12/10 9:57 AM AEDT,10/12/2019,2019-12-09 22:57:00 UTC,Sydney,,2505044,eriberi,2020-01-08 12:08:48 UTC,2020-01-14 11:17:28 UTC,research,CC-BY-NC,https://www.inaturalist.org/observations/37396122,https://static.inaturalist.org/photos/59276829/medium.jpg?1578485265,,,,FALSE,2,0,FALSE,,"Tweed Heads NSW, Australia",-28.23656768,153.5551294,4,,,FALSE,,,Purple Bush-Bean,Macroptilium atropurpureum,Purple Bush-Bean,Plantae,165059,Y
37500629,2019/07/01 11:04 AM AEST,1/07/2019,2019-07-01 01:04:00 UTC,Brisbane,,2318682,nawocnai,2020-01-11 22:36:19 UTC,2020-01-11 23:17:33 UTC,research,CC-BY-NC,https://www.inaturalist.org/observations/37500629,https://static.inaturalist.org/photos/59459844/medium.jpg?1578782154,,,,FALSE,1,0,FALSE,,"Taylor Point, Trinity Beach, Cairns QLD, Australia",-16.77801619,145.6933393,20,,,FALSE,,,Purple Bush-Bean,Macroptilium atropurpureum,Purple Bush-Bean,Plantae,165059,
37539089,2019/09/01 9:11 AM AEST,1/09/2019,2019-08-31 23:11:00 UTC,Brisbane,,2318682,nawocnai,2020-01-12 23:05:01 UTC,2020-01-13 01:05:55 UTC,research,CC-BY-NC,https://www.inaturalist.org/observations/37539089,https://static.inaturalist.org/photos/59529105/medium.jpg?1578870276,,,,FALSE,1,0,FALSE,,"Captain Cook Highway, MacAlister Range QLD 4871, Australia",-16.71981663,145.6407412,20,,,FALSE,,,Purple Bush-Bean,Macroptilium atropurpureum,Purple Bush-Bean,Plantae,165059,
38070816,2019/08/11 3:50 PM AEST,11/08/2019,2019-08-11 05:50:00 UTC,Brisbane,,2318682,nawocnai,2020-01-28 22:12:49 UTC,2020-01-29 00:06:14 UTC,research,CC-BY-NC,https://www.inaturalist.org/observations/38070816,https://static.inaturalist.org/photos/60453177/medium.jpg?1580249542,,,,FALSE,0,0,FALSE,,"Yule Avenue, Clifton Beach, Cairns QLD, Australia",-16.76761653,145.6747929,20,,,FALSE,,,Purple Bush-Bean,Macroptilium atropurpureum,Purple Bush-Bean,Plantae,165059,
38250503,2020-02-02 8:40:02 AM GMT+10:00,2/02/2020,2020-02-01 22:40:02 UTC,Brisbane,,2529729,flyingfox429,2020-02-03 07:25:12 UTC,2020-02-04 01:57:52 UTC,research,,https://www.inaturalist.org/observations/38250503,https://static.inaturalist.org/photos/60767619/medium.jpeg?1580714748,,,,FALSE,1,0,FALSE,2,"Advancetown QLD 4211, Australia",-28.0709528,153.2572728,,,,FALSE,gps,gps,Purple Bush-Bean,Macroptilium atropurpureum,Purple Bush-Bean,Plantae,165059,
38303087,2020-01-28 10:51:05 AM GMT+10:00,28/01/2020,2020-01-28 00:51:05 UTC,Brisbane,,2565711,benandshevaun,2020-02-04 19:44:19 UTC,2020-02-07 19:52:52 UTC,research,CC-BY-NC,https://www.inaturalist.org/observations/38303087,https://static.inaturalist.org/photos/60857003/medium.jpeg?1580845466,,,Pasture Legume siratro starting to come up in patches where Lantana has been cleared. First noticed 28th Jan 2020,FALSE,1,0,FALSE,2,"Queensland, AU",-27.84136506,153.1576996,80,obscured,,TRUE,gps,gps,Purple Bush-Bean,Macroptilium atropurpureum,Purple Bush-Bean,Plantae,165059,
38352639,Thu Feb 06 2020 17:36:04 GMT+1100 (GMT+11),6/02/2020,2020-02-06 06:36:04 UTC,Asia/Magadan,,706931,gtaseski,2020-02-06 06:41:24 UTC,2020-02-06 10:22:33 UTC,research,CC0,https://www.inaturalist.org/observations/38352639,https://static.inaturalist.org/photos/60942109/medium.jpg?1580971855,,,,FALSE,0,0,FALSE,3,"Callinan Crescent, Bardia, NSW, AU",-33.971345,150.8680883,7,,,FALSE,,,Purple Bush-Bean,Macroptilium atropurpureum,Purple Bush-Bean,Plantae,165059,
38353272,2020/01/26 6:38 AM AEDT,26/01/2020,2020-01-25 19:38:00 UTC,Sydney,,2155217,grace_sibley,2020-02-06 07:33:40 UTC,2020-02-07 03:34:17 UTC,research,CC-BY-NC,https://www.inaturalist.org/observations/38353272,https://static.inaturalist.org/photos/60942429/medium.jpg?1580972897,,,,FALSE,0,0,FALSE,,"Plumbs Road, Tanah Merah QLD, Australia",-27.67072099,153.1707854,200,,,FALSE,,,Purple Bush-Bean,Macroptilium atropurpureum,Purple Bush-Bean,Plantae,165059,
38407215,2020-02-08 8:12:49 AM GMT+10:00,8/02/2020,2020-02-07 22:12:49 UTC,Brisbane,,2529729,flyingfox429,2020-02-08 01:09:39 UTC,2020-02-08 22:52:19 UTC,research,,https://www.inaturalist.org/observations/38407215,https://static.inaturalist.org/photos/61035086/medium.jpeg?1581124184,,,,FALSE,1,0,FALSE,2,"Siemons St near Phillip St, One Mile QLD 4305, Australia",-27.63224233,152.7452408,,,,FALSE,gps,gps,Purple Bush-Bean,Macroptilium atropurpureum,Purple Bush-Bean,Plantae,165059,
